,City,Lat,Long,Temperature,Humidity,Cloudiness,Wind Speed,Country,Date
0,outram,1.28,103.84,84.09,83,75,9.24,MY,1589915555
2,qaanaaq,77.48,-69.36,33.58,86,23,0.78,GL,1589915556
3,bukachacha,52.98,116.92,43.92,76,41,3.85,RU,1589915556
4,jamestown,42.1,-79.24,69.8,40,20,13.87,US,1589915556
5,busselton,-33.65,115.33,53.83,63,100,1.86,AU,1589915556
6,victoria,22.29,114.16,80.01,78,86,7.87,HK,1589915360
7,siverek,37.76,39.32,78.8,26,0,18.34,TR,1589915556
8,hermanus,-34.42,19.23,59,87,0,1.01,ZA,1589915557
9,loviisa,60.46,26.23,41,85,100,7.02,FI,1589915557
10,punta arenas,-53.15,-70.92,42.4,75,40,17.22,CL,1589915295
11,itoman,26.12,127.67,70.83,83,75,5.82,JP,1589915557
12,flinders,-34.58,150.86,60.01,79,100,1.99,AU,1589915557
13,ushuaia,-54.8,-68.3,42.8,70,75,29.97,AR,1589915557
14,kahului,20.89,-156.47,75.29,65,40,16.11,US,1589915558
16,maragogi,-9.01,-35.22,81.77,76,41,7,BR,1589915315
17,chapais,49.78,-74.85,55.4,26,1,3.36,CA,1589915558
18,atar,20.52,-13.05,104,19,94,6.93,MR,1589915558
19,abu dhabi,24.47,54.37,87.13,48,77,2.24,AE,1589915558
20,bengkulu,-3.8,102.27,78.35,88,85,3.87,ID,1589915558
21,port elizabeth,-33.92,25.57,57.2,93,9,3.36,ZA,1589915559
22,albany,42.6,-73.97,70.03,25,100,1.99,US,1589915408
23,vaini,-21.2,-175.2,71.6,100,75,9.17,TO,1589915559
24,clyde river,70.47,-68.59,32,92,40,8.05,CA,1589915559
25,bathsheba,13.22,-59.52,84.2,74,75,20.8,BB,1589915560
26,chuy,-33.7,-53.46,72.43,62,0,6.06,UY,1589915560
27,bluff,-46.6,168.33,41.72,84,49,12.8,NZ,1589915560
28,henties bay,-22.12,14.28,80.01,24,0,3,NA,1589915560
29,san patricio,19.22,-104.7,82.4,65,5,9.17,MX,1589915560
30,lodwar,3.12,35.6,90.39,34,0,8.16,KE,1589915560
31,rikitea,-23.12,-134.97,78.46,86,71,21.85,PF,1589915561
32,saint-philippe,-21.36,55.77,64.31,82,90,6.93,RE,1589915561
33,meulaboh,4.14,96.13,76.89,84,100,6.85,ID,1589915561
34,touros,-5.2,-35.46,86,70,40,11.41,BR,1589915350
35,puerto ayora,-0.74,-90.35,82.9,55,40,18.34,EC,1589915561
36,balkanabat,39.51,54.37,71.78,35,0,10.65,TM,1589915561
37,rocha,-34.48,-54.33,71.83,67,0,6.62,UY,1589915561
38,ahipara,-35.17,173.17,50.07,82,0,4.74,NZ,1589915562
39,tuktoyaktuk,69.45,-133.04,28.4,86,90,4.7,CA,1589915562
40,saskylakh,71.92,114.08,34.11,94,100,6.15,RU,1589915562
41,kapaa,22.08,-159.32,75.27,78,75,19.46,US,1589915562
42,vestmannaeyjar,63.44,-20.27,46.4,70,20,25.28,IS,1589915562
43,aklavik,68.22,-135.01,30.2,54,90,2.24,CA,1589915563
44,ust-tsilma,65.44,52.15,52.57,65,100,3.33,RU,1589915563
45,yellowknife,62.46,-114.35,37.2,47,20,9.17,CA,1589915563
46,hobart,-42.88,147.33,57.87,62,40,20.8,AU,1589915441
47,trinidad,-14.83,-64.9,87.8,62,20,9.17,BO,1589915563
48,ancud,-41.87,-73.82,48.11,87,90,9.17,CL,1589915563
50,ponta delgada,37.73,-25.67,62.6,88,20,11.41,PT,1589915472
51,pisco,-13.7,-76.22,68,77,20,11.41,PE,1589915564
52,tiksi,71.69,128.87,29.16,98,99,2.39,RU,1589915564
53,mahanoro,-19.9,48.8,70.86,68,94,5.37,MG,1589915564
54,durazno,-33.41,-56.5,78.8,44,0,9.17,UY,1589915565
55,hithadhoo,-0.6,73.08,85.12,76,100,19.51,MV,1589915565
56,kapit,2.02,112.93,75.49,94,100,0.56,MY,1589915565
57,sao gabriel,-30.34,-54.32,76.77,58,0,7.76,BR,1589915565
58,paita,-5.09,-81.11,78.8,65,0,16.11,PE,1589915566
59,duldurga,50.68,113.59,47.61,59,21,2.93,RU,1589915566
60,khatanga,71.97,102.5,37.04,96,100,9.15,RU,1589915566
61,lompoc,34.64,-120.46,61.59,63,40,10.29,US,1589915472
62,tynda,55.17,124.72,38.66,91,56,2.3,RU,1589915566
63,padang,-0.95,100.35,79.65,83,100,13.38,ID,1589915567
64,saint anthony,45.02,-93.22,67.08,48,1,8.05,US,1589915567
65,anadyr,64.75,177.48,28.18,79,0,8.95,RU,1589915567
66,zyryanka,65.75,150.85,35.91,83,0,16.8,RU,1589915567
67,atuona,-9.8,-139.03,81.16,74,0,15.21,PF,1589915567
68,cherskiy,68.75,161.3,36.19,75,0,4.76,RU,1589915567
71,kaitangata,-46.28,169.85,43,81,2,4.83,NZ,1589915568
72,bairiki,1.33,172.98,82.4,83,20,5.82,KI,1589915568
73,angoram,-4.06,144.07,75.09,98,99,2.15,PG,1589915568
74,svetlogorsk,52.63,29.73,50.11,98,100,4.88,BY,1589915568
75,tasiilaq,65.61,-37.64,32,90,20,4.7,GL,1589915568
76,klaksvik,62.23,-6.59,46.4,87,100,13.87,FO,1589915569
77,fria,10.42,-13.58,85.08,56,99,8.21,GN,1589915569
78,shu,43.6,73.76,50.61,83,59,3.13,KZ,1589915569
79,port alfred,-33.59,26.89,57.99,93,63,1.01,ZA,1589915569
80,mataura,-46.19,168.86,34.45,93,4,3.15,NZ,1589915570
81,khandagayty,50.73,92.05,59.9,56,100,7.72,RU,1589915570
82,mapiripan,2.89,-72.13,78.64,85,55,7.25,CO,1589915570
83,tiarei,-17.53,-149.33,82.2,74,75,4.7,PF,1589915570
84,san quintin,30.48,-115.95,67.57,52,0,24.45,MX,1589915570
85,half moon bay,37.46,-122.43,64.22,55,40,19.46,US,1589915570
86,dikson,73.51,80.55,31.86,97,100,6.67,RU,1589915571
87,rosarito,32.33,-117.03,66.22,48,75,9.17,MX,1589915571
88,souillac,-20.52,57.52,71.6,68,75,8.05,MU,1589915571
90,homer,59.64,-151.55,49.17,66,90,4.21,US,1589915571
91,port lincoln,-34.73,135.87,52.75,70,0,13.82,AU,1589915449
92,hasaki,35.73,140.83,53.6,100,75,17.22,JP,1589915572
93,bredasdorp,-34.53,20.04,51.8,93,0,1.12,ZA,1589915572
94,cape town,-33.93,18.42,59.54,93,0,6.93,ZA,1589915572
95,norden,53.6,7.2,55.47,81,95,1.01,DE,1589915572
96,thompson,55.74,-97.86,62.6,48,90,10.29,CA,1589915572
97,kodiak,57.79,-152.41,48.2,70,90,9.17,US,1589915572
98,lagoa,39.05,-27.98,61.05,65,100,10.2,PT,1589915573
99,bambous virieux,-20.34,57.76,69.93,68,75,8.05,MU,1589915573
100,shintomi,32.08,131.47,59.59,78,98,8.28,JP,1589915573
101,asyut,27.18,31.18,96.8,26,6,7.85,EG,1589915573
102,panama city,8.99,-79.52,80.38,83,40,13.87,PA,1589915289
103,barrow,71.29,-156.79,24.8,85,90,20.8,US,1589915573
104,marawi,8,124.29,78.01,87,98,3,PH,1589915574
105,umarkhed,19.6,77.7,88.84,13,88,8.5,IN,1589915574
107,severo-kurilsk,50.68,156.12,36.41,87,43,9.55,RU,1589915574
108,carnarvon,-24.87,113.63,68.14,40,0,22.62,AU,1589915574
109,vao,-22.67,167.48,71.4,74,0,20.89,NC,1589915574
110,glace bay,46.2,-59.96,42.66,85,75,21.92,CA,1589915575
111,butaritari,3.07,172.79,83.32,80,0,15.41,KI,1589915575
112,hay river,60.82,-115.8,35.6,74,75,3.36,CA,1589915575
113,provideniya,64.38,-173.3,35.33,78,0,7.85,RU,1589915575
114,kilindoni,-7.91,39.67,76.12,91,100,19.82,TZ,1589915575
115,telde,27.99,-15.42,71.35,64,20,23.04,ES,1589915575
116,maniitsoq,65.42,-52.9,34.65,88,8,6.89,GL,1589915576
117,guaymas,27.93,-110.9,89.1,43,5,8.37,MX,1589915309
118,nemuro,43.32,145.57,37.24,87,87,10.36,JP,1589915576
120,arroyo,41.61,-4.8,71.83,53,28,3.36,ES,1589915576
121,demba,-5.51,22.27,71.49,71,0,2.75,CD,1589915576
122,adrar,20.5,-10.07,97.11,11,93,6.87,MR,1589915577
123,loughrea,53.2,-8.57,66.2,63,20,9.17,IE,1589915577
124,laguna,38.42,-121.42,65.07,52,90,6.93,US,1589915577
125,teyateyaneng,-29.15,27.75,50.04,47,19,3.91,LS,1589915577
126,kavieng,-2.57,150.8,83.3,82,100,16.53,PG,1589915577
127,walvis bay,-22.96,14.51,81.28,18,0,12.75,NA,1589915577
128,atherton,53.52,-2.49,63.27,62,99,5.99,GB,1589915578
129,port shepstone,-30.74,30.45,66.96,77,0,11.34,ZA,1589915578
130,dole,47.08,5.5,71.92,35,0,10.29,FR,1589915578
131,vila franca do campo,37.72,-25.43,62.6,88,20,11.41,PT,1589915578
132,hambantota,6.12,81.12,80.6,94,75,9.17,LK,1589915578
133,akyab,20.15,92.9,84.65,77,100,20.67,MM,1589915579
134,baculin,7.45,126.58,78.87,80,100,4.23,PH,1589915579
135,airai,-8.93,125.41,59.5,100,94,2.64,TL,1589915579
136,nola,40.92,14.53,66.79,77,40,6.93,IT,1589915579
138,ugoofaaru,5.67,73,84.92,76,100,16.75,MV,1589915579
139,zharkent,44.16,80,58.17,62,100,3.85,KZ,1589915580
140,port blair,11.67,92.75,83.88,80,33,16.71,IN,1589915580
142,new norfolk,-42.78,147.06,55.24,80,75,3.71,AU,1589915580
143,lengshuitan,26.41,111.6,73.9,79,0,1.21,CN,1589915580
144,husavik,66.04,-17.34,50,43,0,6.93,IS,1589915580
145,georgetown,5.41,100.34,83.07,94,20,1.12,MY,1589915349
146,snezhnogorsk,69.19,33.25,35.6,69,75,4.47,RU,1589915581
147,maturin,9.75,-63.18,92.84,42,100,9.8,VE,1589915581
148,mahebourg,-20.41,57.7,71.6,68,75,8.05,MU,1589915581
150,mount gambier,-37.83,140.77,50,87,90,8.05,AU,1589915581
152,reims,49.17,4.08,69.8,56,0,8.05,FR,1589915582
153,katsuura,35.13,140.3,55.4,93,75,14.99,JP,1589915582
154,vila velha,-20.33,-40.29,77.32,74,40,10.29,BR,1589915582
155,hilo,19.73,-155.09,72.48,88,90,5.82,US,1589915437
156,severodvinsk,64.56,39.83,37.4,86,90,6.71,RU,1589915582
157,naryan-mar,67.67,53.09,41.07,87,14,7.61,RU,1589915582
158,lavrentiya,65.58,-171,27.16,94,0,10.25,RU,1589915583
159,castro,-24.79,-50.01,70.95,57,1,6.42,BR,1589915583
162,shelburne,44.08,-80.2,64.4,39,1,11.41,CA,1589915583
163,eureka,40.8,-124.16,58.46,73,26,5.99,US,1589915583
164,mackay,-21.15,149.2,70.43,78,90,12.75,AU,1589915584
165,seminole,28.71,-81.21,91.83,26,1,19.46,US,1589915584
166,sitka,57.05,-135.33,48.2,93,90,11.41,US,1589915584
167,dzhebariki-khaya,62.22,135.8,40.53,72,6,2.28,RU,1589915584
168,palmer,42.16,-72.33,63.32,29,75,13.87,US,1589915584
169,sao joao da barra,-21.64,-41.05,78.8,65,75,16.11,BR,1589915584
170,tabou,4.42,-7.35,80.98,83,96,8.81,CI,1589915585
171,marrakesh,31.63,-8.01,93.2,16,40,10.29,MA,1589915585
172,fengrun,39.83,118.12,62.56,38,49,3.6,CN,1589915585
173,saint george,37.1,-113.58,71.67,30,75,25.28,US,1589915368
174,tura,25.52,90.22,77.13,63,100,6.51,IN,1589915585
175,berlevag,70.86,29.09,34.2,86,81,3,NO,1589915585
176,mar del plata,-38,-57.56,69.39,64,100,14.99,AR,1589915330
177,chase,50.82,-119.69,63.97,70,19,0.76,CA,1589915586
178,nizhniy kuranakh,58.84,125.49,43.25,90,75,1.16,RU,1589915586
179,zhangye,38.93,100.45,63.37,28,100,0.58,CN,1589915586
180,bajil,15.06,43.29,90.72,50,0,5.61,YE,1589915586
181,bethel,41.37,-73.41,65.95,32,1,12.75,US,1589915586
182,torbay,47.67,-52.73,36.14,93,90,11.41,CA,1589915587
183,tyrma,50.08,132.17,44.02,72,24,1.79,RU,1589915587
184,nigran,42.14,-8.81,68.4,49,0,5.82,ES,1589915587
185,salihli,38.48,28.15,85.08,32,100,3,TR,1589915449
187,lazaro cardenas,17.96,-102.2,86.07,47,0,11.77,MX,1589915587
188,wukari,7.85,9.78,83.55,71,43,9.13,NG,1589915411
189,seymchan,62.88,152.43,37.58,77,9,10.58,RU,1589915588
190,camacha,33.08,-16.33,66.2,72,20,13.87,PT,1589915507
191,kamenka,51.32,42.77,49.5,66,5,1.01,RU,1589915588
192,guerrero negro,27.98,-114.06,72.09,56,0,21.59,MX,1589915588
193,liepaja,56.54,21.04,46.4,93,0,4.7,LV,1589915588
194,nome,64.5,-165.41,52.34,37,1,14.99,US,1589915589
195,nikolskoye,59.7,30.79,42.15,70,20,6.71,RU,1589915589
196,gladstone,-23.85,151.25,66.2,82,40,8.05,AU,1589915589
197,calama,-22.47,-68.93,73.4,6,0,25.28,CL,1589915589
198,amazar,53.86,120.88,40.51,88,1,4.14,RU,1589915589
199,taoudenni,22.68,-3.98,92.66,10,0,10.56,ML,1589915589
200,ulaangom,49.98,92.07,65.97,43,100,2.24,MN,1589915590
201,kungur,57.44,56.96,49.82,62,100,6.4,RU,1589915590
202,tarquinia,42.25,11.76,61.29,88,40,9.17,IT,1589915590
203,rio grande,-32.03,-52.1,83.46,33,0,6.93,BR,1589915590
204,yacuiba,-22.04,-63.68,83.66,42,0,6.31,BO,1589915590
205,ponta do sol,32.67,-17.1,65.98,60,20,12.75,PT,1589915494
206,kaeo,-35.1,173.78,45,3,4,1.99,NZ,1589915591
207,byron bay,-28.65,153.62,58.32,100,75,6.93,AU,1589915534
208,goma,-1.68,29.22,64.22,81,0,2.3,CD,1589915591
209,iquitos,-3.75,-73.25,86,70,75,6.93,PE,1589915591
210,cidreira,-30.18,-50.21,69.53,79,0,14.67,BR,1589915591
211,daru,-9.08,143.21,80.22,90,33,13.18,PG,1589915591
213,willowmore,-33.29,23.49,56.98,38,0,4.34,ZA,1589915592
214,lebu,-37.62,-73.65,54.27,84,96,4.83,CL,1589915592
215,ocos,14.51,-92.19,89.65,59,40,5.82,GT,1589915592
216,doka,13.52,35.77,85.73,45,6,3.71,SD,1589915592
217,avarua,-21.21,-159.78,71.6,73,40,5.82,CK,1589915585
218,dalbandin,28.89,64.41,83.86,15,0,6.02,PK,1589915592
219,fortuna,40.6,-124.16,57.31,82,90,11.41,US,1589915406
220,sao filipe,14.9,-24.5,72.95,77,2,10.92,CV,1589915593
221,road town,18.42,-64.62,86,62,40,10.29,VG,1589915524
222,tungor,53.38,142.96,32.83,92,93,4.12,RU,1589915593
223,upernavik,72.79,-56.15,33.44,89,15,7.78,GL,1589915593
224,la huacana,18.97,-101.82,81.59,28,90,9.17,MX,1589915593
225,lichuan,30.3,108.85,59.59,85,100,4.47,CN,1589915594
226,terni,42.68,12.32,59.97,87,100,3.06,IT,1589915594
227,evanston,42.04,-87.69,52.81,93,90,16.11,US,1589915302
228,ugento,39.93,18.16,69.89,83,90,8.05,IT,1589915594
229,adzope,6.11,-3.86,77.68,88,100,5.64,CI,1589915594
230,kirakira,-10.45,161.92,79.57,83,37,10.45,SB,1589915594
231,hurghada,27.26,33.81,82.4,74,0,6.93,EG,1589915595
232,sri aman,1.24,111.46,78.4,94,60,0.22,MY,1589915595
234,ruteng,-8.61,120.47,63.81,100,96,5.73,ID,1589915595
235,leningradskiy,69.38,178.42,27.09,97,92,1.74,RU,1589915595
236,erenhot,43.65,111.98,59.67,45,98,6.29,CN,1589915596
237,garden city,42.33,-83.33,64.09,67,90,12.75,US,1589915596
238,mitsamiouli,-11.38,43.28,80.13,74,0,12.64,KM,1589915596
239,kruisfontein,-34,24.73,56.79,87,0,5.75,ZA,1589915596
240,jiujiang,29.73,115.98,69.28,57,100,3.91,CN,1589915596
241,ostrovnoy,68.05,39.51,33.69,92,86,11.32,RU,1589915596
242,esperance,-33.87,121.9,53.6,93,90,11.41,AU,1589915597
243,durres,41.32,19.44,73.4,69,20,3.36,AL,1589915597
244,takoradi,4.88,-1.76,82.17,82,92,11.21,GH,1589915597
245,the valley,18.22,-63.06,83.26,61,40,16.11,AI,1589915316
246,mizan teferi,6.98,35.58,64.2,91,100,1.61,ET,1589915597
247,kafanchan,9.58,8.3,75.52,82,76,3.71,NG,1589915597
248,pangnirtung,66.15,-65.71,35.6,74,40,20.8,CA,1589915598
249,east london,-33.02,27.91,67.46,62,0,9.71,ZA,1589915598
250,santiago,-33.46,-70.65,52.75,76,75,4.7,CL,1589915453
251,kedrovyy,56.17,91.82,48.2,81,10,2.24,RU,1589915598
252,conakry,9.54,-13.68,81.45,80,11,13.89,GN,1589915598
253,sonoita,31.85,-112.83,81,32,0,18.05,MX,1589915598
254,talnakh,69.49,88.4,46.4,75,100,8.95,RU,1589915544
255,galle,6.04,80.22,83.25,85,86,16.8,LK,1589915599
256,miraflores,19.22,-98.81,79.25,10,20,6.93,MX,1589915599
257,pirapozinho,-22.28,-51.5,86,25,40,13.87,BR,1589915599
258,capitao poco,-1.75,-47.06,84.27,82,64,2.93,BR,1589915599
259,hofn,64.25,-15.21,43.52,68,0,6.73,IS,1589915599
260,arraial do cabo,-22.97,-42.03,77,69,20,12.75,BR,1589915599
261,chokurdakh,70.63,147.92,21.63,96,0,6.51,RU,1589915600
262,zhigansk,66.77,123.37,38.16,88,0,12.75,RU,1589915600
264,paamiut,61.99,-49.67,36.18,87,7,15.32,GL,1589915600
265,seydi,39.48,62.91,75.16,25,0,7.47,TM,1589915600
266,rondonopolis,-16.47,-54.64,87.28,46,4,6.98,BR,1589915600
267,bose,45.46,8.01,65.41,69,46,1.86,IT,1589915601
268,dong hoi,17.48,106.6,83.34,72,100,7.2,VN,1589915601
269,pevek,69.7,170.31,24.39,96,28,4.18,RU,1589915601
270,namtsy,62.72,129.67,42.8,75,40,4.47,RU,1589915601
271,otavi,-19.65,17.33,61.18,31,0,9.8,NA,1589915601
272,el tarra,8.58,-73.09,93.31,44,95,3,CO,1589915602
273,yamada,39.47,141.95,47.41,89,100,11.18,JP,1589915602
274,tautira,-17.73,-149.15,83.25,74,75,4.7,PF,1589915602
275,tarko-sale,64.92,77.78,67.91,54,42,11.63,RU,1589915602
276,almetyevsk,54.9,52.32,45.88,92,100,12.35,RU,1589915602
277,warri,5.52,5.75,78.26,89,100,4.65,NG,1589915602
280,rong kwang,18.34,100.32,77.5,90,100,1.41,TH,1589915603
281,bela,25.93,81.98,87.39,11,3,2.59,IN,1589915603
283,great bend,38.36,-98.76,69.67,60,1,10.29,US,1589915364
284,hof,50.32,11.92,60.44,51,17,9.17,DE,1589915604
285,filingue,14.35,3.32,99.93,8,35,5.5,NE,1589915604
286,lasa,46.62,10.7,57.42,51,75,9.17,IT,1589915604
287,zhezkazgan,47.8,67.71,53.69,59,72,7.47,KZ,1589915604
289,novoye leushino,56.81,40.51,38.97,90,60,6.6,RU,1589915604
290,kukmor,56.19,50.89,48.22,92,100,8.37,RU,1589915605
291,noumea,-22.28,166.46,64.58,100,20,1.12,NC,1589915605
292,nohar,29.18,74.77,90.01,17,0,9.48,IN,1589915605
293,arroio grande,-32.24,-53.09,77.58,54,0,4.7,BR,1589915605
294,tongling,30.95,117.78,65.57,46,100,3.22,CN,1589915605
295,olafsvik,64.89,-23.71,45.7,63,0,4.07,IS,1589915605
297,nioki,-2.72,17.68,76.82,80,3,0.13,CD,1589915606
298,manggar,-2.88,108.27,82.04,87,51,6.42,ID,1589915606
299,asau,46.43,26.4,72.27,31,96,10.29,RO,1589915606
300,komsomolskiy,40.43,71.72,66.2,52,84,4.32,UZ,1589915606
301,bang mun nak,16.03,100.38,80.56,82,98,3.69,TH,1589915607
302,san rafael,-34.62,-68.33,70.54,34,92,8.14,AR,1589915607
303,mullovka,54.2,49.4,46.4,87,75,13.42,RU,1589915607
304,grootfontein,-19.57,18.12,56.98,37,0,5.93,NA,1589915607
305,grand-santi,4.25,-54.38,88.54,58,27,3.36,GF,1589915607
306,pali,25.77,73.33,88,12,0,5.64,IN,1589915607
307,ulladulla,-35.35,150.47,48.29,100,100,4.7,AU,1589915608
308,chimore,-16.98,-65.13,87.66,44,19,4.45,BO,1589915608
309,bilma,18.69,12.92,89.46,9,0,6.53,NE,1589915608
310,rawson,-43.3,-65.1,57.81,36,100,9.53,AR,1589915434
311,burnie,-41.07,145.92,56.5,81,98,1.99,AU,1589915608
312,mahajanga,-15.72,46.32,71.6,64,0,5.82,MG,1589915608
313,chunskiy,56.08,99.63,50.74,70,0,2.51,RU,1589915609
314,paramonga,-10.67,-77.83,69.91,70,36,10.74,PE,1589915609
315,manaure,11.78,-72.44,95,50,75,9.17,CO,1589915609
316,iquique,-20.22,-70.14,66.2,59,3,11.41,CL,1589915609
317,ornes,66.87,13.71,41.85,78,20,5.82,NO,1589915609
318,tucuma,-0.18,-50.05,83.32,82,12,6.4,BR,1589915609
319,aswan,24.09,32.91,92.08,18,57,9.48,EG,1589915610
320,fenelon falls,44.53,-78.75,66.67,34,75,10.29,CA,1589915610
321,hohhot,40.81,111.65,51.8,34,59,4.47,CN,1589915610
322,celestun,20.87,-90.4,86.81,64,0,10.78,MX,1589915610
323,obidos,-1.92,-55.52,87.94,63,29,2.57,BR,1589915610
324,lata,40.16,-8.33,67.39,76,0,4,PT,1589915610
325,lima,-12.04,-77.03,66.2,77,90,2.24,PE,1589915610
327,parksville,49.32,-124.32,63.73,65,79,4.76,CA,1589915611
328,katherine,-14.47,132.27,71.6,73,0,4.7,AU,1589915611
329,andenes,69.31,16.12,41,75,20,10.29,NO,1589915611
330,port hardy,50.7,-127.42,53.6,76,90,5.82,CA,1589915611
331,taman,45.21,36.72,60.4,82,84,6.71,RU,1589915611
332,rovaniemi,66.5,25.72,39.2,92,75,9.17,FI,1589915535
333,santa isabel do rio negro,-0.41,-65.02,88.79,59,71,1.95,BR,1589915612
334,sola,-13.88,167.55,78.8,88,27,5.82,VU,1589915612
335,los llanos de aridane,28.66,-17.92,65.7,73,20,16.11,ES,1589915612
336,coahuayana,18.73,-103.68,87.8,25,5,7.43,MX,1589915612
337,urucui,-7.23,-44.56,87.12,58,92,5.64,BR,1589915612
338,codrington,-38.27,141.97,51.98,87,100,17.13,AU,1589915613
339,mlimba,-8.8,35.82,73.15,67,96,1.32,TZ,1589915613
340,neiafu,-18.65,-173.98,77,94,75,6.93,TO,1589915613
341,kulu,39.1,33.08,72.18,39,8,7.23,TR,1589915613
342,fairbanks,64.84,-147.72,56.26,24,1,12.75,US,1589915586
343,christchurch,-43.53,172.63,40.62,85,90,1.12,NZ,1589915613
344,slobodskoy,58.73,50.18,47.55,88,3,5.06,RU,1589915613
345,nanortalik,60.14,-45.24,40.73,70,100,8.59,GL,1589915614
347,wenling,28.37,121.36,69.01,80,0,1.52,CN,1589915614
348,aloleng,16.13,119.78,83.52,78,99,3.53,PH,1589915614
349,stanislav,46.57,32.15,60.3,65,29,17.11,UA,1589915614
351,prince rupert,54.32,-130.32,53.6,76,90,8.05,CA,1589915614
352,norman wells,65.28,-126.83,35.6,47,75,4.7,CA,1589915604
353,ilulissat,69.22,-51.1,32,70,90,5.82,GL,1589915615
354,basco,20.45,121.97,82.04,79,100,7.14,PH,1589915422
355,zheshart,62.07,49.57,48.49,77,28,4.27,RU,1589915615
356,champerico,14.3,-91.92,87.8,66,75,6.93,GT,1589915615
357,richards bay,-28.78,32.04,67.69,87,100,9.71,ZA,1589915615
358,bodden town,19.28,-81.25,86.92,79,20,13.87,KY,1589915616
360,port hedland,-20.32,118.57,71.6,26,100,6.93,AU,1589915616
361,cabo san lucas,22.89,-109.91,83.71,34,20,9.17,MX,1589915366
362,harrisonburg,38.45,-78.87,56.35,76,90,3.36,US,1589915334
363,saldanha,-33.01,17.94,62.6,63,0,6.93,ZA,1589915616
364,linxia,35.6,103.21,56.41,56,100,3.06,CN,1589915617
365,kensington,-33.92,151.22,55.04,93,94,4.7,AU,1589915617
366,pemangkat,1.17,108.97,78.73,90,62,2.44,ID,1589915617
367,qasigiannguit,68.82,-51.19,32,74,90,5.82,GL,1589915617
368,callaway,30.15,-85.57,82.47,51,20,14.99,US,1589915617
369,ostersund,63.18,14.64,41,52,0,11.41,SE,1589915410
370,cockeysville,39.48,-76.64,66.36,37,100,1.99,US,1589915618
373,mahon,39.89,4.27,68,68,1,9.17,ES,1589915618
374,bedford,52.13,-0.47,69.37,57,45,6.2,GB,1589915423
376,fonte boa,-2.5,-66.27,86.45,71,78,1.1,BR,1589915618
377,alexandria,31.22,29.96,84.2,48,0,2.24,EG,1589915619
378,joshimath,30.57,79.57,52.16,40,1,7.81,IN,1589915619
379,narsaq,60.92,-46.05,55.4,20,20,6.93,GL,1589915619
380,manokwari,-0.87,134.08,80.8,76,83,3.15,ID,1589915619
381,turbat,26,63.04,89.1,19,0,5.64,PK,1589915619
382,bandrele,-12.91,45.19,78.8,69,0,8.05,YT,1589915619
383,ginda,30.69,78.49,58.33,34,0,8.41,IN,1589915620
384,paracuru,-3.41,-39.03,82.99,74,6,18.01,BR,1589915620
385,aljezur,37.32,-8.8,75,70,100,7.36,PT,1589915620
387,dingle,11,122.67,80.44,82,84,3,PH,1589915620
388,lebedyn,50.59,34.48,48.97,97,100,6.82,UA,1589915498
389,cayenne,4.93,-52.33,87.8,66,29,14.99,GF,1589915621
390,pilar,-9.6,-35.96,84.2,74,75,9.17,BR,1589915621
391,jaca,42.57,-0.55,71.11,44,0,1.01,ES,1589915621
392,kanigiri,15.4,79.52,93.6,31,100,15.21,IN,1589915621
393,kisangani,0.52,25.2,73.81,96,100,2.35,CD,1589915621
394,yarkovo,57.4,67.08,51.91,89,18,8.3,RU,1589915622
395,atbasar,51.8,68.33,50.7,74,100,8.48,KZ,1589915622
396,bahia de caraquez,-0.6,-80.42,84.2,70,40,13.87,EC,1589915622
397,sobolevo,54.43,31.9,43.03,94,100,5.39,RU,1589915583
398,acajutla,13.59,-89.83,86,62,100,5.99,SV,1589915622
399,safakulevo,54.99,62.54,46.29,92,100,8.55,RU,1589915622
400,ribeira grande,38.52,-28.7,64.4,63,40,10.29,PT,1589915623
401,hirara,24.8,125.28,76.15,87,100,10.4,JP,1589915623
402,bonthe,7.53,-12.51,81.5,83,37,8.75,SL,1589915623
403,srednekolymsk,67.45,153.68,30.33,93,16,12.26,RU,1589915623
404,wanxian,30.8,108.39,75.34,59,100,3.47,CN,1589915623
405,benjamin constant,-4.38,-70.03,84.2,83,40,4.7,BR,1589915623
406,nagato,34.38,131.2,61.56,72,20,13.87,JP,1589915624
408,chunhuhub,19.55,-88.68,99.18,36,2,3.98,MX,1589915624
409,bangalore,12.98,77.6,77,78,40,11.41,IN,1589915340
410,ust-maya,60.42,134.53,39.2,74,71,6.53,RU,1589915624
411,teahupoo,-17.83,-149.27,83.25,74,75,4.7,PF,1589915625
413,quatre cocos,-20.21,57.76,69.76,68,75,8.05,MU,1589915621
414,luderitz,-26.65,15.16,80.6,26,0,3.36,NA,1589915625
415,bara,10.37,10.73,92.55,37,28,12.64,NG,1589915625
416,pauini,-7.71,-66.98,82.62,87,87,2.3,BR,1589915625
417,longyearbyen,78.22,15.64,35.6,64,75,1.12,SJ,1589915625
419,bubaque,11.28,-15.83,79.47,72,8,15.03,GW,1589915626
420,cape coast,5.11,-1.25,82.58,80,99,15.43,GH,1589915626
421,havoysund,71,24.66,35.6,88,75,10.29,NO,1589915626
422,snasa,64.25,12.38,42.8,81,40,10.29,NO,1589915626
424,curup,-3.47,102.53,70.39,93,89,2.42,ID,1589915626
425,indianola,41.36,-93.56,60.94,72,90,8.05,US,1589915627
426,jiaxing,30.75,120.75,69.31,64,100,2.24,CN,1589915627
427,zurrieq,35.83,14.47,65.25,72,0,21.92,MT,1589915627
428,makakilo city,21.35,-158.09,76.89,88,90,13.91,US,1589915627
429,nizhniy tsasuchey,50.52,115.13,51.57,53,0,1.9,RU,1589915627
430,lagos,6.58,3.75,80.6,83,20,3.36,NG,1589915625
431,umm kaddadah,13.6,26.69,90.37,34,45,10.89,SD,1589915628
432,berdigestyakh,62.1,126.7,41.67,83,21,5.35,RU,1589915628
433,rio pardo de minas,-15.61,-42.54,72.59,71,27,10.18,BR,1589915628
434,camopi,3.17,-52.32,81.73,90,5,3.96,GF,1589915628
435,farafangana,-22.82,47.83,68.67,77,98,5.06,MG,1589915628
436,yeppoon,-23.13,150.73,66.2,77,75,6.93,AU,1589915628
437,cap malheureux,-19.98,57.61,68,75,39,3,MU,1589915629
438,nuuk,64.18,-51.72,37.2,74,75,6.93,GL,1589915629
439,chapleau,47.84,-83.4,66.2,19,20,8.05,CA,1589915629
440,brokopondo,4.75,-55.17,86.77,59,0,4.21,SR,1589915629
441,bialogard,54.01,15.99,51.67,10,0,7.49,PL,1589915629
442,sao felix do xingu,-6.64,-51.99,81.14,92,17,4.09,BR,1589915629
444,pavlodar,52.3,76.95,62.6,45,67,11.18,KZ,1589915630
445,bera,24.08,89.62,80.71,61,100,14.63,BD,1589915630
446,petropavlovsk-kamchatskiy,53.05,158.65,33.8,100,18,2.24,RU,1589915630
447,praia da vitoria,38.73,-27.07,64.4,68,40,10.83,PT,1589915630
448,sinnamary,5.38,-52.95,81.9,83,15,9.48,GF,1589915630
449,northam,51.03,-4.22,55.94,84,13,1.01,GB,1589915630
450,homestead,25.47,-80.48,82.33,88,20,10.29,US,1589915631
451,joetsu,37.15,138.24,55.51,100,99,6.42,JP,1589915631
452,nouadhibou,20.93,-17.03,69.8,73,0,19.46,MR,1589915631
454,jampang,9.91,123.6,84.2,79,75,1.12,PH,1589915631
455,khandbari,27.37,87.2,71.92,55,100,1.86,NP,1589915631
456,monte san giovanni campano,41.64,13.51,63.97,85,5,1.95,IT,1589915631
458,mayo,38.89,-76.51,65.55,37,1,21.92,US,1589915632
459,turayf,31.67,38.66,84.2,20,0,9.17,SA,1589915632
460,baherden,38.44,57.43,72.12,39,0,3.27,TM,1589915632
461,jalu,29.03,21.55,92.98,11,0,7.94,LY,1589915632
462,geraldton,-28.77,114.6,51.8,53,0,5.82,AU,1589915632
463,nabire,-3.37,135.48,77.34,89,100,3.31,ID,1589915628
464,carutapera,-1.2,-46.02,85.08,69,16,9.17,BR,1589915633
465,adeje,28.12,-16.73,69.78,68,40,11.41,ES,1589915633
466,la trinidad,16.45,120.59,64.54,98,95,2.62,PH,1589915633
467,punahana,27.87,77.2,96.01,2,0,4.88,IN,1589915633
470,gondar,12.6,37.47,62.24,82,99,1.86,ET,1589915634
471,goderich,43.75,-81.72,64,61,100,17.45,CA,1589915634
472,sosnovo,60.55,30.21,41.52,60,100,2.62,RU,1589915634
473,brigantine,39.41,-74.36,58.87,44,1,32.21,US,1589915634
474,dingzhou,38.51,115,57.2,82,0,2.24,CN,1589915634
475,college,64.86,-147.8,56.16,24,40,9.17,US,1589915634
476,karratha,-20.74,116.85,70.86,37,8,10.65,AU,1589915635
477,ouadda,8.08,22.4,70.9,91,81,0.31,CF,1589915635
478,oistins,13.07,-59.53,84.2,74,75,20.8,BB,1589915625
479,vardo,70.37,31.11,37.4,74,40,4.7,NO,1589915635
480,aykhal,66,111.5,44.6,30,90,6.71,RU,1589915635
481,sorland,67.67,12.69,44.6,65,20,9.17,NO,1589915635
482,chake chake,-5.25,39.77,75.42,86,100,13.58,TZ,1589915636
483,awbari,26.59,12.78,89.94,14,0,11.41,LY,1589915636
484,tatarsk,55.22,75.98,58.78,54,99,7.27,RU,1589915636
485,cherepovets,59.13,37.9,40.91,84,100,5.99,RU,1589915636
486,prado,-17.34,-39.22,76.1,74,75,10.98,BR,1589915636
487,redmond,47.67,-122.12,58.3,80,90,3.6,US,1589915400
488,krasnoborsk,61.56,45.93,46.8,93,100,3.76,RU,1589915637
489,tual,-5.67,132.75,82.69,84,100,18.34,ID,1589915637
490,lebedinyy,58.52,125.52,36.46,96,49,2.19,RU,1589915637
491,labytnangi,66.66,66.42,41.63,91,100,17.47,RU,1589915637
492,bandundu,-3.32,17.37,78.08,79,0,1.66,CD,1589915637
493,necochea,-38.55,-58.74,70,61,99,5.53,AR,1589915638
494,sirpur,19.48,79.6,92.46,19,100,4.59,IN,1589915638
495,horsham,51.06,-0.33,69.35,60,0,8.05,GB,1589915638
496,ardakan,32.31,54.02,73.4,40,75,13.87,IR,1589915638
497,skibbereen,51.55,-9.27,57.2,82,20,11.41,IE,1589915638
498,shulan,44.42,126.95,46.33,86,100,5.39,CN,1589915638
499,stepnyak,52.83,70.78,49.46,68,100,8.97,KZ,1589915639
500,tonstad,58.66,6.72,46.4,71,100,3,NO,1589915639
501,aksarayskiy,46.79,48.01,55.2,37,55,8.95,RU,1589915639
502,qalyub,30.18,31.21,93.09,16,0,14.99,EG,1589915639
503,kuji,40.19,141.77,44.6,100,90,17.22,JP,1589915639
504,broome,42.25,-75.83,68.07,47,1,12.75,US,1589915639
505,kpandu,7,0.29,83.05,73,99,10.96,GH,1589915639
506,visby,57.64,18.3,48.92,76,62,4.7,SE,1589915640
507,faanui,-16.48,-151.75,81.19,77,26,9.73,PF,1589915640
508,beringovskiy,63.05,179.32,29.1,95,100,14.41,RU,1589915640
509,ambon,-3.7,128.18,80.8,81,0,0.98,ID,1589915640
510,grindavik,63.84,-22.43,46.4,65,75,16.11,IS,1589915640
511,saint-gaudens,43.08,0.67,70.63,49,2,2.24,FR,1589915640
512,lipari,38.47,14.95,63.66,90,3,1.99,IT,1589915641
513,broken hill,-31.95,141.43,48.2,70,0,5.82,AU,1589915641
514,balrampur,27.43,82.18,86.9,12,0,2.71,IN,1589915641
515,nishihara,26.18,127.76,70.56,78,75,10.94,JP,1589915641
516,princeton,25.54,-80.41,83.01,88,20,10.29,US,1589915641
517,yermakovskoye,53.28,92.4,56.95,68,100,2.3,RU,1589915641
518,mogadishu,2.04,45.34,81.91,80,0,13.15,SO,1589915642
519,muhos,64.81,25.99,43.27,70,100,2.24,FI,1589915642
520,mecca,21.43,39.83,92.08,25,0,6.76,SA,1589915442
521,tres arroyos,-38.37,-60.28,70.75,53,100,8.05,AR,1589915642
522,tonj,7.27,28.68,76.46,72,73,3.85,SS,1589915642
523,baykit,61.67,96.37,53.92,60,98,4,RU,1589915642
524,san andres,12.58,-81.7,87.8,74,40,9.17,CO,1589915596
525,cockburn town,21.46,-71.14,81.01,82,100,15.66,TC,1589915435
526,sovetskiy,61.36,63.58,55.27,97,100,5.46,RU,1589915643
527,kuruman,-27.45,23.43,58.19,35,82,5.1,ZA,1589915643
528,brae,60.4,-1.35,50,87,100,11.41,GB,1589915643
529,moranbah,-22,148.05,63.73,86,100,10.11,AU,1589915463
530,general roca,-39.03,-67.58,55.4,58,75,13.87,AR,1589915607
531,petropavlovka,50.61,105.32,54.95,62,100,5.53,RU,1589915644
532,oga,46.46,10.35,55.56,62,75,12.75,IT,1589915644
533,vyazniki,56.25,42.17,40.01,83,67,7.49,RU,1589915644
534,ayan,56.45,138.17,34.57,95,100,2.73,RU,1589915644
535,mirnyy,62.54,113.96,46.4,49,0,6.71,RU,1589915644
536,ribeira brava,32.65,-17.07,65.95,60,20,12.75,PT,1589915644
537,keetmanshoop,-26.58,18.13,69.8,19,82,8.05,NA,1589915644
538,bushehr,28.97,50.84,84.2,25,29,6.93,IR,1589915645
539,hualmay,-11.1,-77.61,69.82,68,17,10.51,PE,1589915645
540,caravelas,-17.71,-39.25,76.28,73,76,9.62,BR,1589915645
541,mporokoso,-9.37,30.12,60.87,77,3,5.35,ZM,1589915645
542,copiapo,-27.37,-70.33,68,49,88,5.82,CL,1589915645
543,rottenmann,47.52,14.35,58.39,93,100,2.24,AT,1589915645
544,abha,18.22,42.51,66.2,48,20,5.82,SA,1589915589
545,dengzhou,37.81,120.75,58.17,63,0,6.15,CN,1589915646
546,ngunguru,-35.62,174.5,45,3,0,1.99,NZ,1589915646
547,terney,45.05,136.61,37.4,79,100,9.98,RU,1589915620
548,novikovo,51.15,37.89,45.84,91,94,6.98,RU,1589915646
550,salvador,13.83,-88.92,85.95,69,20,2.24,SV,1589915647
551,namibe,-15.2,12.15,78.44,69,0,4.72,AO,1589915647
552,waipawa,-41.41,175.52,38.89,93,0,5.82,NZ,1589915647
553,parlakimidi,18.77,84.08,84.51,43,100,6.08,IN,1589915647
554,key largo,25.09,-80.45,82.38,1,0,4,US,1589915412
555,starominskaya,46.53,39.05,53.64,72,14,9.4,RU,1589915648
556,trincomalee,8.57,81.23,83.75,78,25,22.62,LK,1589915648
557,esterhazy,50.65,-102.08,71.35,57,48,13.49,CA,1589915648
558,portland,45.52,-122.68,56.23,67,90,5.82,US,1589915471
560,olivenza,38.68,-7.1,83.59,35,36,3.36,ES,1589915648
561,marsa matruh,31.35,27.25,75.2,73,0,4.7,EG,1589915648
562,raudeberg,61.99,5.14,45,74,1,14.52,NO,1589915649
563,chudniv,50.05,28.12,53.69,90,98,3.42,UA,1589915649
564,kodino,63.72,39.64,35.96,85,100,6.44,RU,1589915649
565,chesma,53.81,60.65,49.69,77,100,5.75,RU,1589915649
566,itaituba,-4.28,-55.98,87.8,74,40,5.82,BR,1589915649
567,lowestoft,52.48,1.75,60.22,90,52,1.99,GB,1589915650
568,tagab,34.85,69.65,62.6,28,1,8.05,AF,1589915650
569,soderhamn,61.3,17.06,53.01,37,9,0.56,SE,1589915650
570,hat yai,7.01,100.48,78.8,100,20,2.98,TH,1589915650
571,gizo,-8.1,156.84,82.53,77,72,7.85,SB,1589915650
572,mukhen,48.1,136.1,44.44,69,100,3.31,RU,1589915650
573,westport,41.14,-73.36,61.25,55,1,17.22,US,1589915651
575,shimoda,34.67,138.95,54,96,100,1.01,JP,1589915651
576,lanjaghbyur,40.27,45.14,64.4,42,66,5.82,AM,1589915651
577,tashla,51.77,52.74,43.25,83,10,10.49,RU,1589915651
579,chara,56.91,118.26,39.61,78,96,1.57,RU,1589915652
580,west fargo,46.88,-96.9,72.9,35,1,18.34,US,1589915463
581,mao,39.89,4.27,68,68,1,9.17,ES,1589915652
582,tuatapere,-46.13,167.68,38.43,77,53,6.64,NZ,1589915652
583,kovdor,67.57,30.48,31.17,97,8,2.46,RU,1589915652
584,aanekoski,62.69,25.82,41,80,100,3.36,FI,1589915652
585,rio gallegos,-51.62,-69.22,46.4,58,20,23.04,AR,1589915653
586,jam sahib,26.3,68.63,86,55,0,4.7,PK,1589915653
587,jiwani,25.05,61.74,86.02,62,0,4.36,PK,1589915653
588,faranah,10.04,-10.74,82.09,69,99,5.55,GN,1589915653
589,biloela,-24.42,150.5,58.64,92,41,8.05,AU,1589915653
590,roma,43.21,-75.46,68.77,30,1,12.75,US,1589915464
591,emba,48.83,58.14,52.12,81,100,10.04,KZ,1589915654
592,emmett,43.87,-116.5,56.44,76,100,4.43,US,1589915654
593,jumla,29.27,82.18,50.99,42,5,4.79,NP,1589915654
594,naze,28.37,129.48,73.4,53,98,10.29,JP,1589915589
595,matanzas,23.04,-81.58,84.2,70,75,9.17,CU,1589915355
596,port-gentil,-0.72,8.78,80.6,88,90,9.17,GA,1589915654
597,marsh harbour,26.54,-77.06,82.83,68,0,10.89,BS,1589915655
